sample_id,site_id,site_name,sample_date
102599,2946,BEAVER-2-1,1994-09-14
102610,3191,BITTER-G-3,1995-08-17
106400,18585,SFBRCK-01,1997-04-15
106401,18585,SFBRCK-01,1997-04-15
106402,18585,SFBRCK-01,1997-04-15
106427,18585,SFBRCK-01,1997-10-02
106428,18585,SFBRCK-01,1997-10-02
106429,18585,SFBRCK-01,1997-10-02
108973,18585,SFBRCK-01,1998-05-15
108974,18585,SFBRCK-01,1998-05-15
108975,18585,SFBRCK-01,1998-05-15
109003,18585,SFBRCK-01,1998-10-09
109004,18585,SFBRCK-01,1998-10-09
109005,18585,SFBRCK-01,1998-10-09
109006,18585,SFBRCK-01,1998-10-09
112206,18585,SFBRCK-01,1999-06-03
112207,18585,SFBRCK-01,1999-06-03
112208,18585,SFBRCK-01,1999-06-03
112209,18585,SFBRCK-01,1999-06-03
112237,18585,SFBRCK-01,1999-10-07
112238,18585,SFBRCK-01,1999-10-07
112239,18585,SFBRCK-01,1999-10-07
112240,18585,SFBRCK-01,1999-10-07
115375,17621,R5BIO-420,2000-08-02
115552,17621,R5BIO-420,2000-08-02
115712,20806,THREE-02,2001-08-07
115713,20806,THREE-02,2001-08-03
115714,20806,THREE-02,2001-08-07
115721,18286,SANDY-01,2001-08-14
115722,18286,SANDY-01,2001-08-14
115723,18286,SANDY-01,2001-08-14
115724,18287,SANDY-02,2001-08-14
115725,18287,SANDY-02,2001-08-14
115726,18287,SANDY-02,2001-08-14
115763,18585,SFBRCK-01,2000-05-18
115764,18585,SFBRCK-01,2000-05-18
115765,18585,SFBRCK-01,2000-05-18
115766,18585,SFBRCK-01,2000-05-18
115775,18585,SFBRCK-01,2000-10-12
115776,18585,SFBRCK-01,2000-10-12
115777,18585,SFBRCK-01,2000-10-12
115778,18585,SFBRCK-01,2000-10-12
123836,7296,EPA03-2023,2003-07-20
129766,13446,ORWLF:1008,2006-07-01
129770,13450,ORWLF:1014,2006-07-03
129771,13451,ORWLF:1015,2006-07-04
129777,13458,ORWLF:1031,2006-07-18
129974,1520,4933748,2006-10-05
131311,24126,VERNAL:15,2002-08-19
131312,24126,VERNAL:15,2002-08-13
131329,24126,VERNAL:15,2004-07-08
134994,4488,CIMCPG-1,2008-09-20
139855,9225,KERBERCK-01,2008-09-12
139856,9225,KERBERCK-01,2008-09-12
139857,9226,KERBERCK-02,2008-09-12
139858,9226,KERBERCK-02,2008-09-12
139863,9229,KERBERCK-05,2008-09-12
139864,9229,KERBERCK-05,2008-09-12
139865,9230,KERBERCK-06,2008-09-12
139866,9230,KERBERCK-06,2008-09-12
140317,20808,THREE-04,2006-08-31
141384,20806,THREE-02,2009-06-02
141386,20808,THREE-04,2009-06-03
141630,1507,4933440,2008-10-28
141937,13119,ORSFA-1009,2009-09-03
141941,13120,ORSFA-1011,2009-09-30
141948,12804,ORFLO-1010,2009-07-13
142078,9225,KERBERCK-01,2009-10-02
142079,9226,KERBERCK-02,2009-10-02
142082,9229,KERBERCK-05,2009-10-02
142083,9230,KERBERCK-06,2009-10-02
142503,1947,4995915,2009-10-23
142512,1973,4996855,2009-10-28
142523,1908,4995000,2009-10-07
142525,1903,4994430,2009-10-29
142527,2063,5919980,2009-10-28
142909,24126,VERNAL:15,2008-08-27
142910,24126,VERNAL:15,2007-10-24
142913,24126,VERNAL:15,2009-08-11
143619,5451,CRMO-LC-01,2010-06-22
147068,3917,C4_05_1,2011-09-13
147069,3917,C4_05_1,2011-09-13
147070,18286,SANDY-01,2011-09-12
147071,18287,SANDY-02,2011-09-12
148065,13446,ORWLF:1008,2011-06-13
148069,13450,ORWLF:1014,2011-06-23
148070,13451,ORWLF:1015,2011-06-25
148077,13458,ORWLF:1031,2011-06-25
148097,13458,ORWLF:1031,2011-07-10
148158,24126,VERNAL:15,2011-09-29
148170,6725,efp1,2011-08-12
148171,6726,efp2,2011-08-10
148172,6727,efp3,2011-08-11
148293,3917,C4_05_1,2011-07-31
148313,1520,4933748,2011-08-19
148319,24206,W2041,2011-09-07
148321,24219,W4081,2011-09-08
148322,24217,W3151,2011-09-08
148323,3915,C3131,2011-09-10
148324,3922,C4161,2011-09-11
148325,7813,G4161,2011-09-19
148326,24205,W201O2,2011-09-22
148327,7806,G304O2,2011-09-21
148328,7817,G5022,2011-09-21
148329,7805,G3011,2011-09-20
148330,7795,G204O1,2011-09-20
148331,3919,C401O1,2011-10-11
148332,3911,C3021,2011-10-12
148333,3916,C3141,2011-10-13
148586,18644,SFREF1,2012-06-28
148587,18566,SF1.0,2012-06-28
148589,18567,SF3.0,2012-06-28
148590,10440,MIDCRMID,2012-06-28
148948,24209,W2102,2012-07-04
148949,24218,W404O2,2012-07-02
148950,24207,W2061,2012-07-04
148951,3918,C4011,2012-07-13
148953,3921,C4092,2012-07-14
148954,3910,C3012,2012-07-11
148955,24211,W2121,2012-07-21
148956,24214,W3012,2012-07-18
148957,24215,W303O2,2012-07-19
148959,7818,G502O1,2012-07-27
148961,28392,Y201O2,2012-07-25
148962,7812,G406O2,2012-07-26
148964,3914,C3121,2012-08-08
148965,3920,C4042,2012-08-09
148966,7819,G5071,2012-08-19
148967,3927,C5102,2012-08-16
148968,3912,C305O2,2012-08-13
148970,3913,C3072,2012-08-17
148972,7794,G201O2,2012-08-31
148973,7810,G4012,2012-08-28
148974,7820,G5102,2012-08-29
148975,7814,G4171,2012-08-30
148976,7796,G2062,2012-08-31
148977,7807,G3052,2012-08-27
148978,24216,W308O2,2012-09-27
148979,3926,C5082,2012-10-02
148980,24208,W2082,2012-10-22
148981,24210,W210O2,2012-11-07
148982,24208,W2082,2012-11-06
148983,24216,W308O2,2012-11-07
148992,18644,SFREF1,2012-09-12
148993,18566,SF1.0,2012-09-12
148994,18567,SF3.0,2012-09-12
148996,10440,MIDCRMID,2012-09-12
149443,6725,efp1,2012-08-06
149444,6726,efp2,2012-08-03
149445,6727,efp3,2012-08-11
149916,7506,FiCr00-11,2011-10-31
149917,7506,FiCr00-11,2012-08-06
150164,10440,MIDCRMID,2013-06-18
150167,18644,SFREF1,2013-06-19
150168,18566,SF1.0,2013-06-19
150169,18567,SF3.0,2013-06-19
150878,6725,efp1,2013-08-16
150879,6726,efp2,2013-08-16
150880,6727,efp3,2013-08-16
150890,10440,MIDCRMID,2013-09-11
150892,18644,SFREF1,2013-09-12
150893,18566,SF1.0,2013-09-12
150894,18567,SF3.0,2013-09-12
151067,5451,CRMO-LC-01,2013-06-21
151206,714,2013ORWLD1001,2013-08-04
151208,716,2013ORWLD1016,2013-08-06
151336,20404,STCNM,2013-08-13
151337,5544,CURECANTI_CK_1,2013-08-28
151338,9615,LF_GUN_GATEVIEW,2013-08-08
151339,4488,CIMCPG-1,2013-08-12
151340,6596,E_ELK_MOUTH,2013-08-19
151341,17803,RED_CK_MOUTH,2013-08-29
151342,19690,SOAP_AB_CHANCE,2013-08-07
151343,26175,"WEST ELK CR BELOW FOREST BOUNDARY NR SAPINERO, CO",2013-08-15
151344,2943,BEAVER_HWY_50,2013-08-01
151345,16508,PINE_HWY_50,2013-08-21
151346,9615,LF_GUN_GATEVIEW,2013-08-08
152059,714,2013ORWLD1001,2005-06-30
152060,716,2013ORWLD1016,2005-07-01
152824,18297,SANGAB-DOWN,2014-08-20
152825,18297,SANGAB-DOWN,2014-08-20
152826,18297,SANGAB-DOWN,2014-08-20
152827,18296,SANGAB-BTWX,2014-08-20
152828,18298,SANGAB-UP,2014-08-20
152829,18298,SANGAB-UP,2014-08-20
152830,18298,SANGAB-UP,2014-08-20
152831,18298,SANGAB-UP,2014-08-20
152847,18644,SFREF1,2014-06-24
152848,18566,SF1.0,2014-06-24
152849,18567,SF3.0,2014-06-24
152852,10440,MIDCRMID,2014-06-24
152856,11565,MXR-downstream,2014-06-25
152907,24126,VERNAL:15,2014-07-23
152935,10491,MillCrS03-13,2013-09-30
153155,28258,XE-RM-5073,2013-09-10
153182,28266,XE-SS-5099,2014-06-14
153184,13574,OT-SS-7145,2014-06-20
153185,10704,MP-SS-2116,2014-06-21
153187,28330,XN-SS-4145,2014-06-21
153188,28315,XN-SS-4097,2014-06-18
153189,28200,XE-LS-5019,2014-07-08
153190,28206,XE-LS-5030,2014-06-09
153191,28263,XE-RO-5085,2014-07-08
153194,10680,MP-SS-2080,2014-06-25
153195,28196,XE-LS-5011,2014-07-08
153196,11254,MS-LS-3016,2014-06-15
153198,11272,MS-RO-3089,2014-06-21
153199,11261,MS-LS-3026,2014-07-06
153200,28209,XE-LS-5034,2014-07-04
153201,28354,XS-LS-6041,2014-06-11
153202,13542,OT-LS-7017,2014-06-20
153204,28312,XN-RO-4085,2014-06-19
153205,13530,OT-LS-7001,2014-06-18
153206,28286,XN-LS-4003,2014-06-23
153208,28201,XE-LS-5021,2014-06-13
153211,28327,XN-SS-4135,2014-06-20
153213,11291,MS-SS-3129,2014-07-07
153214,28205,XE-LS-5027,2014-07-07
153215,28260,XE-RO-5081,2014-06-10
153216,28386,XS-SS-6146,2014-06-10
153217,11294,MS-SS-3133,2014-07-04
153218,11250,MS-LS-3007,2014-07-06
153221,28362,XS-RO-6083,2014-06-19
153224,28345,XS-LS-6020,2014-06-20
153225,11281,MS-SS-3105,2014-07-03
153226,10701,MP-SS-2111,2014-06-19
153228,13561,OT-SS-7108,2014-06-15
153229,28278,XE-SS-5143,2014-06-11
153230,13534,OT-LS-7006,2014-06-16
153233,28364,XS-RO-6087,2014-06-11
153234,28268,XE-SS-5105,2014-07-18
153235,28284,XE-SS-5157,2014-07-23
153236,28314,XN-SS-4095,2014-07-13
153239,28303,XN-LS-4029,2014-07-17
153240,10554,MN-RO-1083,2014-07-25
153241,28281,XE-SS-5153,2014-07-22
153242,10569,MN-SS-1129,2014-07-23
153243,10551,MN-RM-1073,2014-07-24
153244,28200,XE-LS-5019,2014-07-21
153245,10577,MN-SS-1145,2014-07-19
153246,10570,MN-SS-1133,2014-07-19
153247,10566,MN-SS-1121,2014-07-17
153249,10574,MN-SS-1140,2014-07-18
153251,28271,XE-SS-5114,2014-07-18
153252,10569,MN-SS-1129,2014-07-20
153253,10576,MN-SS-1143,2014-07-22
153254,10575,MN-SS-1142,2014-07-22
153255,28305,XN-RM-4071,2014-07-21
153259,10579,MN-SS-1147,2014-08-01
153260,10542,MN-LS-1019,2014-08-02
153261,11260,MS-LS-3024,2014-08-03
153262,28301,XN-LS-4027,2014-08-03
153263,28313,XN-RO-4086,2014-08-04
153265,28268,XE-SS-5105,2014-08-05
153267,28291,XN-LS-4012,2014-08-08
153268,28359,XS-RM-6076,2014-08-14
153270,10687,MP-SS-2091,2014-08-14
153272,11286,MS-SS-3118,2014-08-18
153274,11260,MS-LS-3024,2014-08-14
153275,10693,MP-SS-2100,2014-08-30
153276,10696,MP-SS-2105,2014-08-28
153277,11265,MS-RM-3071,2014-08-22
153278,11267,MS-RM-3073,2014-08-24
153279,11268,MS-RM-3074,2014-08-20
153280,11269,MS-RM-3075,2014-08-25
153281,11271,MS-RO-3087,2014-08-23
153282,28257,XE-RM-5072,2014-08-18
153285,10687,MP-SS-2091,2014-09-13
153286,10692,MP-SS-2099,2014-09-17
153287,10698,MP-SS-2107,2014-09-14
153288,10700,MP-SS-2110,2014-09-10
153289,11266,MS-RM-3072,2014-08-21
153290,13539,OT-LS-7012,2014-09-10
153291,13545,OT-LS-7024,2014-08-28
153292,13553,OT-RM-7083,2014-08-22
153293,13558,OT-RO-7095,2014-08-25
153294,13571,OT-SS-7133,2014-09-11
153295,28306,XN-RM-4072,2014-08-29
153296,28266,XE-SS-5099,2014-06-14
153297,10704,MP-SS-2116,2014-06-21
153298,13574,OT-SS-7145,2014-06-20
153300,28330,XN-SS-4145,2014-06-21
153302,11291,MS-SS-3129,2014-07-07
153303,28313,XN-RO-4086,2014-08-04
153305,11286,MS-SS-3118,2014-08-18
153306,13545,OT-LS-7024,2014-08-28
153307,13552,OT-RM-7082,2014-07-24
153385,18597,SFK-Bear-A,2014-07-03
153386,17621,R5BIO-420,2014-07-03
153387,18585,SFBRCK-01,2014-07-03
153388,6326,D-Ancestor,2014-07-03
153389,6619,E-Baker,2014-07-03
153390,18598,SFK-Eel-Michael,2014-05-12
153391,9377,Lacks-FaulknerP,2014-06-10
153420,20404,STCNM,2014-08-13
153421,5544,CURECANTI_CK_1,2014-08-27
153422,9615,LF_GUN_GATEVIEW,2014-08-19
153423,4488,CIMCPG-1,2014-08-07
153424,6596,E_ELK_MOUTH,2014-08-14
153425,17803,RED_CK_MOUTH,2014-09-02
153426,19690,SOAP_AB_CHANCE,2014-08-25
153427,26175,"WEST ELK CR BELOW FOREST BOUNDARY NR SAPINERO, CO",2014-08-26
153428,2943,BEAVER_HWY_50,2014-08-06
153429,16508,PINE_HWY_50,2014-08-18
153430,4330,"CEBOLLA CREEK AT POWDERHORN, CO",2014-08-21
153431,4642,CO10231,2014-08-11
153472,18566,SF1.0,2014-10-06
153473,18644,SFREF1,2014-10-06
153474,18567,SF3.0,2014-10-06
153475,11565,MXR-downstream,2014-10-06
153477,10440,MIDCRMID,2014-10-06
153480,10082,M3.1,2014-10-17
153481,10084,M7.9,2014-10-17
153508,3917,C4_05_1,2014-09-11
153874,1576,4939102,2014-08-06
153878,1582,4939108,2014-07-23
153883,1589,4939115,2014-09-25
153887,1594,4939119,2014-09-10
153888,1597,4939123,2014-05-30
153902,1621,4939147,2014-07-21
153905,1579,4939105,2014-05-28
153912,1586,4939112,2014-10-08
153915,1596,4939122,2014-10-09
153927,1576,4939102,2014-08-06
153928,1582,4939108,2014-07-23
154339,18566,SF1.0,2015-06-23
154340,18644,SFREF1,2015-06-22
154341,18567,SF3.0,2015-06-22
154342,10082,M3.1,2015-06-22
154344,10084,M7.9,2015-06-23
154346,10440,MIDCRMID,2015-06-23
154347,10077,M1.2,2015-06-23
154348,11565,MXR-downstream,2015-06-23
155370,7506,FiCr00-11,2014-09-18
155371,10491,MillCrS03-13,2014-09-18
155372,10491,MillCrS03-13,2014-10-30
155373,11798,NFNCr-FPS01-14,2014-07-24
155422,6768,ELKE,2015-09-04
155423,16648,PNTH,2015-09-04
155430,11780,NFHC-4,2015-09-15
155431,8577,HCH-1,2015-09-14
155480,5194,COR-Pump,2015-10-31
155481,5168,COR-KBDitc,2015-09-09
155482,5169,COR-KidPond,2015-09-09
155483,5163,COR-abvHSR,2015-09-09
155484,5165,COR-blwWG,2015-09-09
155485,7639,FR-abvGSD,2015-09-09
155486,17779,RC-blwMC,2015-09-09
155487,17781,RC-CR8315,2015-09-09
155488,7645,FR-CR83,2015-09-09
155489,7640,FR-abvWPSD,2015-09-10
155490,7661,FR-Rendezvous,2015-09-10
155491,7638,FR-abvFrCan,2015-09-11
155595,18566,SF1.0,2015-09-15
155596,18567,SF3.0,2015-09-15
155597,18644,SFREF1,2015-09-15
155598,10082,M3.1,2015-09-15
155600,10080,M2.0,2015-09-15
155601,10077,M1.2,2015-09-15
155602,11565,MXR-downstream,2015-09-15
155605,10084,M7.9,2015-09-16
155610,6814,EL-SS-8144,2015-08-29
155611,6816,EL-SS-8160,2015-08-30
155612,20969,TP-SS-8267,2015-08-31
155613,6815,EL-SS-8156,2015-09-12
155614,6817,EL-SS-8172,2015-09-13
155615,20968,TP-SS-8252,2015-09-14
155616,20970,TP-SS-8273,2015-09-15
155617,20971,TP-SS-8290,2015-09-17
155737,6725,efp1,2015-08-12
155738,6726,efp2,2015-08-12
155739,6727,efp3,2015-08-13
155806,28317,XN-SS-4104,2015-06-17
155807,28340,XS-LS-6007,2015-06-16
155808,28343,XS-LS-6016,2015-06-10
155809,28365,XS-SS-6095,2015-06-14
155810,28370,XS-SS-6105,2015-06-18
155811,28372,XS-SS-6111,2015-06-12
155812,28376,XS-SS-6117,2015-06-14
155813,28379,XS-SS-6121,2015-06-17
155814,28383,XS-SS-6133,2015-06-14
155815,13563,OT-SS-7112,2015-06-17
155816,10549,MN-RM-1071,2015-06-20
155817,10550,MN-RM-1072,2015-06-19
155818,10657,MP-LS-2005,2015-06-21
155819,10669,MP-RM-2052,2015-06-26
155820,10670,MP-RO-2057,2015-06-23
155821,10671,MP-RO-2060,2015-06-24
155822,13557,OT-RO-7093,2015-06-28
155823,28279,XE-SS-5146,2015-06-22
155824,28296,XN-LS-4018,2015-06-29
155825,10540,MN-LS-1017,2015-07-10
155826,10541,MN-LS-1018,2015-07-06
155827,10578,MN-SS-1146,2015-07-07
155828,28204,XE-LS-5026,2015-06-27
155829,28289,XN-LS-4007,2015-07-04
155830,28296,XN-LS-4018,2015-07-12
155831,28299,XN-LS-4021,2015-07-09
155832,28302,XN-LS-4028,2015-07-11
155833,28319,XN-SS-4114,2015-07-03
155834,28323,XN-SS-4120,2015-07-10
155835,28331,XN-SS-4146,2015-07-04
155836,28333,XN-SS-4163,2015-07-13
155837,28365,XS-SS-6095,2015-07-12
155838,28382,XS-SS-6132,2015-07-08
155839,10535,MN-LS-1008,2015-07-10
155840,10540,MN-LS-1017,2015-07-15
155841,10568,MN-SS-1125,2015-07-18
155842,10572,MN-SS-1137,2015-07-16
155843,11248,MS-LS-3005,2015-07-25
155844,11255,MS-LS-3017,2015-07-15
155845,11275,MS-SS-3100,2015-07-21
155846,11285,MS-SS-3114,2015-07-26
155847,13554,OT-RM-7084,2015-07-12
155848,13555,OT-RO-7091,2015-07-22
155849,13562,OT-SS-7109,2015-07-26
155850,13566,OT-SS-7116,2015-07-23
155851,13575,OT-SS-7150,2015-07-25
155852,13576,OT-SS-7153,2015-07-22
155853,28259,XE-RM-5074,2015-07-17
155854,28276,XE-SS-5140,2015-07-19
155855,28282,XE-SS-5154,2015-07-28
155856,28290,XN-LS-4010,2015-07-11
155857,28293,XN-LS-4014,2015-07-14
155858,28300,XN-LS-4026,2015-07-12
155859,10538,MN-LS-1014,2015-08-01
155860,10545,MN-LS-1022,2015-07-26
155861,10557,MN-RO-1086,2015-08-02
155862,10558,MN-SS-1097,2015-07-27
155863,10561,MN-SS-1105,2015-07-30
155864,10690,MP-SS-2097,2015-07-31
155865,10694,MP-SS-2102,2015-08-03
155866,10702,MP-SS-2113,2015-08-02
155867,13567,OT-SS-7122,2015-07-28
155868,13577,OT-SS-7154,2015-07-31
155869,13577,OT-SS-7154,2015-07-25
155870,28328,XN-SS-4136,2015-08-05
155871,28329,XN-SS-4143,2015-08-03
155872,10668,MP-RM-2051,2015-08-14
155873,10673,MP-RO-2062,2015-08-12
155874,11251,MS-LS-3009,2015-08-12
155875,11259,MS-LS-3023,2015-08-01
155876,11262,MS-LS-3027,2015-08-09
155877,11273,MS-SS-3095,2015-08-09
155878,11290,MS-SS-3127,2015-08-08
155879,13533,OT-LS-7005,2015-08-08
155880,13565,OT-SS-7115,2015-08-05
155881,13568,OT-SS-7128,2015-08-09
155882,28335,XN-SS-4165,2015-08-09
155883,10681,MP-SS-2082,2015-08-26
155884,10699,MP-SS-2108,2015-08-23
155885,11276,MS-SS-3101,2015-08-26
155886,13572,OT-SS-7140,2015-08-22
155887,28202,XE-LS-5023,2015-08-22
155888,28269,XE-SS-5106,2015-08-25
155889,10678,MP-SS-2078,2015-09-12
155890,10686,MP-SS-2090,2015-09-10
155891,10697,MP-SS-2106,2015-09-08
155892,11247,MS-LS-3003,2015-08-27
155893,28193,XE-LS-5007,2015-09-03
155894,28203,XE-LS-5025,2015-09-10
155895,28353,XS-LS-6040,2015-09-12
155896,28358,XS-RM-6072,2015-09-01
155897,28385,XS-SS-6144,2015-09-10
155898,10552,MN-RO-1081,2015-09-27
155899,10556,MN-RO-1085,2015-09-28
155900,28199,XE-LS-5018,2015-09-25
155901,28207,XE-LS-5031,2015-09-23
155902,28334,XN-SS-4164,2015-09-10
155903,11293,MS-SS-3132,2015-09-27
155904,13563,OT-SS-7112,2015-06-17
155905,28376,XS-SS-6117,2015-06-14
155906,28372,XS-SS-6111,2015-06-12
155907,28383,XS-SS-6133,2015-06-14
155908,28379,XS-SS-6121,2015-06-17
155909,28317,XN-SS-4104,2015-06-17
155910,28340,XS-LS-6007,2015-06-16
155911,28365,XS-SS-6095,2015-06-14
155912,28343,XS-LS-6016,2015-06-10
155913,28370,XS-SS-6105,2015-06-18
155914,10679,MP-SS-2079,2015-06-18
155915,10685,MP-SS-2088,2015-06-21
155916,10689,MP-SS-2095,2015-06-20
155917,10676,MP-SS-2074,2015-07-05
155918,10677,MP-SS-2075,2015-07-04
155919,10683,MP-SS-2086,2015-07-07
155920,10691,MP-SS-2098,2015-07-02
155921,10684,MP-SS-2087,2015-09-01
155922,10678,MP-SS-2078,2015-09-13
155923,10695,MP-SS-2103,2015-09-10
155924,10703,MP-SS-2114,2015-09-14
155971,747,2015ORGRY1003,2015-06-17
155973,748,2015ORGRY1009,2015-06-19
155977,749,2015ORHOT1001,2015-08-02
156527,1947,4995915,2015-08-06
156528,1903,4994430,2015-06-26
156529,1973,4996855,2015-09-08
156530,2063,5919980,2015-07-28
156581,1607,4939133,2015-08-17
156585,1947,4995915,2015-08-06
156586,2063,5919980,2015-07-28
156587,1973,4996855,2015-09-08
156588,1903,4994430,2015-06-26
157038,13446,ORWLF:1008,2015-07-16
157039,13120,ORSFA-1011,2015-07-13
157040,2170,762,2015-08-12
157041,13450,ORWLF:1014,2015-07-14
157042,13119,ORSFA-1009,2015-08-04
157043,13458,ORWLF:1031,2015-07-23
157044,12804,ORFLO-1010,2015-07-28
157045,907,2890,2015-07-27
157046,13451,ORWLF:1015,2015-07-13
157047,12804,ORFLO-1010,2015-07-29
157048,535,1530,2015-07-30
157049,539,1604,2015-07-28
157050,534,1528,2015-07-29
157051,714,2013ORWLD1001,2015-08-05
157052,716,2013ORWLD1016,2015-08-06
157074,5213,CO-SS-9425,2014-07-04
157075,5087,CO-LS-9417,2014-07-19
157076,5210,CO-SS-9413,2014-07-22
157077,5180,CO-RO-9402,2014-07-21
157078,5092,CO-LS-9429,2014-08-01
157079,5084,CO-LS-9400,2014-08-05
157080,5186,CO-RO-9416,2014-08-09
157081,5091,CO-LS-9427,2014-08-11
157082,5212,CO-SS-9419,2014-08-16
157083,5090,CO-LS-9424,2014-09-26
157084,5179,CO-RO-9401,2014-09-24
157085,5095,CO-LS-9445,2014-08-07
157086,5093,CO-LS-9432,2015-06-26
157087,5097,CO-LS-9452,2015-06-27
157088,5184,CO-RO-9411,2015-06-21
157089,5088,CO-LS-9421,2015-07-06
157090,5094,CO-LS-9442,2015-07-08
157091,5096,CO-LS-9448,2015-07-08
157092,5211,CO-SS-9415,2015-06-29
157093,5217,CO-SS-9440,2015-07-07
157094,5089,CO-LS-9423,2015-07-23
157095,5182,CO-RO-9406,2015-07-18
157096,5188,CO-RO-9422,2015-07-21
157097,5209,CO-SS-9403,2015-07-22
157098,5216,CO-SS-9439,2015-07-25
157099,5183,CO-RO-9409,2015-08-02
157100,5187,CO-RO-9420,2015-08-11
157101,5190,CO-RO-9433,2015-08-04
157102,5191,CO-RO-9435,2015-08-03
157103,5193,CO-RO-9437,2015-08-07
157104,5185,CO-RO-9412,2015-08-15
157105,5212,CO-SS-9419,2015-08-21
157106,5215,CO-SS-9430,2015-08-24
157107,5218,CO-SS-9441,2015-08-23
157108,5085,CO-LS-9407,2015-08-28
157109,5086,CO-LS-9410,2015-09-12
157110,5181,CO-RO-9405,2015-08-30
157111,5189,CO-RO-9431,2015-08-30
157112,5214,CO-SS-9426,2015-08-31
157113,5192,CO-RO-9436,2015-10-12
157114,5213,CO-SS-9425,2014-07-04
157115,5087,CO-LS-9417,2014-07-19
157116,8487,GS-SS-9024,2014-09-18
157117,8481,GS-SS-9004,2014-09-19
157118,8485,GS-SS-9020,2014-09-20
157119,8466,GS-LS-9009,2015-06-14
157120,8469,GS-LS-9025,2015-06-15
157121,8467,GS-LS-9010,2015-06-27
157122,8470,GS-LS-9026,2015-06-28
157123,8471,GS-LS-9027,2015-06-25
157124,8474,GS-RO-9001,2015-06-22
157125,8476,GS-RO-9007,2015-06-27
157126,8477,GS-RO-9008,2015-06-25
157127,8480,GS-RO-9017,2015-06-21
157128,8483,GS-SS-9006,2015-06-23
157129,8484,GS-SS-9012,2015-06-24
157130,8478,GS-RO-9013,2015-07-02
157131,8479,GS-RO-9014,2015-08-17
157132,8482,GS-SS-9005,2015-07-01
157133,8468,GS-LS-9016,2015-08-18
157134,8472,GS-LS-9032,2015-08-19
157135,8473,GS-LS-9036,2015-09-10
157136,8486,GS-SS-9022,2015-09-07
157137,8475,GS-RO-9003,2015-09-24
157138,8476,GS-RO-9007,2015-09-30
157139,8487,GS-SS-9024,2014-09-18
157159,1908,4995000,2016-09-27
157172,3917,C4_05_1,2016-08-15
157173,3917,C4_05_1,2016-08-15
157174,18286,SANDY-01,2016-07-28
157175,18287,SANDY-02,2016-07-28
157176,20806,THREE-02,2016-07-28
157177,20808,THREE-04,2016-07-28
157179,24126,VERNAL:15,2016-08-25
157180,26461,WILLOW2,2016-08-25
157181,14167,PACE1,2016-08-23
157182,7296,EPA03-2023,2016-08-24
157184,24205,W201O2,2016-08-24
157185,5462,CROUSE1,2016-09-21
157250,7640,FR-abvWPSD,2016-09-07
157251,7661,FR-Rendezvous,2016-09-07
157252,7645,FR-CR83,2016-09-07
157253,7663,FR-SpProj,2016-09-07
157254,7638,FR-abvFrCan,2016-09-07
157255,7639,FR-abvGSD,2016-09-14
157256,5165,COR-blwWG,2016-09-14
157257,5163,COR-abvHSR,2016-09-14
157258,5169,COR-KidPond,2016-09-14
157259,5168,COR-KBDitc,2016-09-14
157260,17779,RC-blwMC,2016-09-07
157261,17781,RC-CR8315,2016-09-07
157262,7721,FR-UPGR,2016-10-06
157263,7644,FR-BELGR,2016-10-06
157264,5194,COR-Pump,2016-10-10
157568,19617,SL-SS-10001,2016-08-16
157569,24113,VE-LS-11577,2016-06-27
157570,12378,NW-SS-9267,2014-06-26
157571,12374,NW-SS-9261,2014-07-31
157572,12382,NW-SS-9277,2014-08-02
157573,11608,NC-SS-9141,2014-08-04
157574,11585,NB-LS-9111,2014-08-05
157575,11591,NB-SS-9107,2014-08-17
157576,11594,NB-SS-9120,2014-08-20
157577,11585,NB-LS-9111,2014-08-16
157578,11589,NB-RO-9127,2014-08-18
157579,12373,NW-LS-9276,2014-08-15
157580,12373,NW-LS-9276,2014-08-28
157581,12372,NW-LS-9269,2014-08-30
157582,12192,NO-LS-9203,2015-06-15
157583,12220,NO-SS-9211,2015-06-11
157584,12463,NY-LS-9220,2015-06-11
157585,12464,NY-LS-9225,2015-06-11
157586,12465,NY-LS-9230,2015-06-09
157587,12466,NY-LS-9232,2015-06-12
157588,12467,NY-RO-9221,2015-06-10
157589,12193,NO-LS-9206,2015-06-27
157590,12210,NO-RO-9205,2015-06-23
157591,12217,NO-SS-9202,2015-06-25
157592,11592,NB-SS-9108,2015-07-12
157593,12375,NW-SS-9262,2015-07-12
157594,12469,NY-SS-9222,2015-07-11
157595,11590,NB-SS-9101,2015-07-27
157596,12209,NO-RO-9200,2015-08-05
157597,11586,NB-LS-9114,2015-08-13
157598,11587,NB-LS-9119,2015-08-12
157599,11593,NB-SS-9115,2015-08-09
157600,11606,NC-LS-9186,2015-08-16
157601,12218,NO-SS-9204,2015-08-07
157602,12380,NW-SS-9272,2015-08-05
157603,11605,NC-LS-9156,2015-08-23
157604,11609,NC-SS-9144,2015-08-26
157605,11614,NC-SS-9170,2015-08-27
157606,11588,NB-LS-9132,2015-09-11
157607,12376,NW-SS-9263,2015-08-27
157608,12377,NW-SS-9264,2015-08-26
157609,12374,NW-SS-9261,2014-07-31
157610,12378,NW-SS-9267,2014-06-26
157613,3651,BRPRKCRK,2016-09-13
157614,3241,BLKSULP25,2016-07-27
157615,6680,EDOUG,2016-07-07
157616,2017,4MILECRK,2016-06-20
157617,9410,LAKECRK1,2016-08-16
157618,17823,REDDRTCRK,2016-08-04
157619,18580,SFBIGCRK,2016-08-03
157620,18581,SFBIGCRK2,2016-08-03
157622,20158,SPRUCE_CK3,2016-07-25
157623,26261,WHLRCRK,2016-08-03
157624,9225,KERBERCK-01,2016-09-22
157625,9226,KERBERCK-02,2016-09-22
157626,9231,KERBERCK-25,2016-09-22
157627,9232,KERBERCK4,2016-09-22
157628,9229,KERBERCK-05,2016-09-22
157629,9230,KERBERCK-06,2016-09-22
157955,3830,BVR_CRK,2016-10-27
157956,6373,DEER_CRK,2016-10-27
157958,925,2MILE_CRK,2016-10-27
158352,24135,VE-RV-10797,2016-09-08
163627,26175,"WEST ELK CR BELOW FOREST BOUNDARY NR SAPINERO, CO",2016-08-18
163628,2943,BEAVER_HWY_50,2016-08-03
163629,5544,CURECANTI_CK_1,2016-08-25
163630,20404,STCNM,2016-08-23
163631,9615,LF_GUN_GATEVIEW,2016-08-16
163632,17804,RED_CK_MOUTH_16,2016-08-11
163633,6596,E_ELK_MOUTH,2016-08-09
163634,4642,CO10231,2016-08-01
163635,16508,PINE_HWY_50,2016-08-29
163636,19690,SOAP_AB_CHANCE,2016-09-01
163637,1075,381633107054700,2016-09-08
163639,4488,CIMCPG-1,2016-09-15
164069,10491,MillCrS03-13,2016-10-06
164130,1908,4995000,2017-07-19
164225,19588,Slate Creek,2017-06-15
164226,5431,Crescent Creek Upper,2017-06-15
164227,5430,Crescent Creek Middle,2017-06-15
164228,5429,Crescent Creek Lower,2017-06-15
164229,3788,Bull Creek,2017-06-15
164253,10084,M7.9,2017-06-14
164254,18567,SF3.0,2017-06-13
164256,10082,M3.1,2017-06-14
164258,11565,MXR-downstream,2017-06-13
164259,10440,MIDCRMID,2017-06-13
164260,18566,SF1.0,2017-06-13
164263,18644,SFREF1,2017-06-13
164278,358,1,2017-08-15
164288,18240,SA-LS-13578,2017-07-11
164289,18241,SA-LS-13770,2017-07-06
164290,18241,SA-LS-13770,2017-07-07
164291,18242,SA-LS-14026,2017-07-08
164292,18243,SA-LS-14070,2017-09-08
164293,18244,SA-LS-14602,2017-07-21
164294,18349,SA-SS-12602,2017-08-08
164295,18350,SA-SS-12746,2017-07-20
164296,18351,SA-SS-13178,2017-08-04
164297,18352,SA-SS-13258,2017-07-07
164298,18353,SA-SS-13322,2017-07-23
164299,18354,SA-SS-13434,2017-08-05
164300,18355,SA-SS-13626,2017-07-09
164301,18356,SA-SS-13690,2017-08-03
164302,18357,SA-SS-13882,2017-08-06
164303,18358,SA-SS-14110,2017-07-24
164304,18359,SA-SS-14458,2017-07-25
164305,18360,SA-SS-14538,2017-08-16
164306,18361,SA-SS-14650,2017-08-17
164307,18362,SA-SS-14794,2017-09-07
164308,18370,SA-TR-1226,2017-07-23
164309,18372,SA-TR-1334,2017-08-14
164310,5194,COR-Pump,2017-10-27
164311,7819,G5071,2017-08-10
164312,8282,GR-TR-1044,2017-06-14
164314,8283,GR-TR-1205,2017-06-12
164316,8284,GR-TR-1421,2017-06-13
164317,8285,GR-TR-1492,2017-08-17
164319,17100,PR-LS-13628,2017-06-06
164320,17100,PR-LS-13628,2017-06-25
164321,17104,PR-LS-14012,2017-07-31
164322,17130,PR-RV-10300,2017-09-05
164323,17132,PR-RV-10492,2017-08-09
164324,17139,PR-RV-10940,2017-08-29
164325,17145,PR-RV-12988,2017-07-17
164326,17148,PR-RV-13180,2017-09-11
164327,17149,PR-RV-13388,2017-09-26
164328,17150,PR-RV-13644,2017-06-27
164329,17151,PR-RV-13756,2017-07-19
164330,17152,PR-RV-13820,2017-08-08
164331,17153,PR-RV-13900,2017-06-28
164332,17154,PR-RV-13948,2017-09-12
164333,17178,PR-SS-13036,2017-06-26
164334,17178,PR-SS-13036,2016-08-31
164335,17179,PR-SS-13372,2017-08-02
164336,24115,VE-LS-14685,2017-06-20
164337,24117,VE-LS-15565,2017-09-06
164338,24135,VE-RV-10797,2017-07-07
164339,24139,VE-RV-12189,2017-08-14
164340,24140,VE-RV-12381,2017-09-07
164341,24141,VE-RV-12637,2017-06-21
164342,24142,VE-RV-13149,2017-08-22
164343,24143,VE-RV-13213,2017-09-06
164344,24148,VE-SS-15337,2017-08-15
164345,24150,VE-SS-19433,2017-06-01
164346,24150,VE-SS-19433,2017-06-24
164347,24151,VE-SS-21037,2017-07-12
164348,28258,XE-RM-5073,2017-09-06
164349,20296,SR-LS-1014,2017-06-10
164350,20302,SR-SS-1001,2017-06-09
164351,20303,SR-SS-1019,2017-06-10
164352,20304,SR-SS-1021,2017-06-12
164353,7513,FI-LS-14257,2017-07-26
164354,24217,W3151,2017-06-13
164355,7514,FI-LS-26545,2017-08-29
164356,7522,FI-RV-21516,2017-10-11
164357,7543,FI-SS-15857,2017-06-14
164358,7544,FI-SS-16625,2017-07-05
164359,7545,FI-SS-17649,2017-07-04
164360,19611,SL-LS-20561,2017-06-20
164361,19612,SL-LS-22225,2017-07-17
164362,19613,SL-LS-22332,2017-08-07
164363,19616,SL-RV-49980,2017-10-12
164364,19624,SL-SS-15137,2017-08-24
164365,19625,SL-SS-15825,2017-06-26
164366,19626,SL-SS-16161,2017-06-27
164367,19627,SL-SS-16353,2017-06-27
164368,19628,SL-SS-16465,2017-10-03
164369,19629,SL-SS-17132,2017-09-14
164370,19630,SL-SS-17489,2017-10-04
164371,19631,SL-SS-18188,2017-09-27
164372,24214,W3012,2017-08-08
164373,24214,W3012,2017-07-24
164374,24215,W303O2,2017-09-28
164375,24216,W308O2,2017-09-26
164377,26137,WD-TR-1214,2017-10-19
164378,26142,WD-TR-1359,2017-10-17
164379,19627,SL-SS-16353,2017-05-20
164413,7447,FA-RV-18418,2017-08-12
164414,7448,FA-RV-22194,2017-08-13
164415,7449,FA-RV-22514,2017-08-11
164416,7450,FA-RV-22962,2017-08-10
164418,7569,FMD-TR-1153,2017-08-17
164419,7570,FMD-TR-1340,2017-08-09
164420,20652,TA-LS-16034,2017-07-17
164421,20652,TA-LS-16034,2017-07-21
164422,20653,TA-LS-16610,2017-08-02
164423,20654,TA-LS-17218,2017-06-30
164424,20655,TA-LS-18210,2017-07-18
164425,20656,TA-LS-18402,2017-07-08
164426,20657,TA-LS-18498,2017-06-18
164427,20658,TA-LS-18710,2017-06-08
164428,20659,TA-LS-19426,2017-07-26
164429,20660,TA-LS-22178,2017-07-06
164430,20660,TA-LS-22178,2017-07-22
164431,20661,TA-LS-22306,2017-07-19
164432,20662,TA-LS-22498,2017-07-23
164433,20662,TA-LS-22498,2017-07-07
164434,20678,TA-RV-10914,2017-06-19
164435,20681,TA-RV-11938,2017-07-01
164436,20683,TA-RV-12962,2017-06-21
164437,20688,TA-RV-15586,2017-06-15
164438,20689,TA-RV-15842,2017-06-29
164439,20690,TA-RV-16354,2017-06-28
164440,20691,TA-RV-17058,2017-06-20
164441,20692,TA-RV-17826,2017-07-01
164442,20693,TA-RV-18082,2017-06-14
164443,20694,TA-RV-19186,2017-07-28
164444,20695,TA-RV-19734,2017-08-26
164445,20696,TA-RV-20450,2017-07-02
164446,20697,TA-RV-21154,2017-09-14
164447,20698,TA-RV-21314,2017-08-04
164448,20699,TA-RV-21474,2017-09-15
164449,20700,TA-RV-21922,2017-08-04
164450,20701,TA-RV-22806,2017-08-25
164451,20707,TA-SS-41794,2017-06-12
164452,20708,TA-SS-44310,2017-06-06
164453,20709,TA-SS-48406,2017-06-07
164454,20710,TA-SS-55266,2017-07-20
164637,1908,4995000,2017-09-26
164678,5212,CO-SS-9419,2017-07-18
164679,5214,CO-SS-9426,2017-09-05
164681,6306,CY-TR-1028,2017-07-07
164682,6308,CY-TR-1221,2017-08-09
164685,6310,CY-TR-1331,2017-08-14
164688,10179,MB-LS-10770,2017-08-22
164689,10180,MB-LS-11789,2017-06-13
164690,10182,MB-LS-12493,2017-09-18
164691,10184,MB-LS-14866,2017-09-21
164692,5192,CO-RO-9436,2017-09-10
164693,10196,MB-RV-10514,2017-08-29
164694,10197,MB-RV-1200,2017-09-10
164695,10198,MB-RV-1202,2017-09-25
164696,10202,MB-SS-10002,2017-06-12
164698,10204,MB-SS-1201,2017-06-27
164699,10206,MB-SS-1209,2017-09-25
164700,10213,MB-SS-13069,2017-07-19
164701,10214,MB-SS-13517,2017-07-27
164702,11309,MT-LS-10290,2017-06-21
164703,11310,MT-LS-11237,2017-07-05
164704,11310,MT-LS-11237,2017-07-25
164705,11312,MT-LS-16946,2017-09-07
164706,11313,MT-LS-17202,2017-09-13
164707,11327,MT-SS-10098,2017-06-20
164708,11328,MT-SS-13874,2017-07-24
164709,11328,MT-SS-13874,2017-06-29
164710,11329,MT-SS-14194,2017-08-10
164711,28202,XE-LS-5023,2017-09-22
164739,7664,FR-TR-001,2016-08-03
164740,7665,FR-TR-002,2016-06-23
164741,7666,FR-TR-003,2016-07-25
164742,7667,FR-TR-004,2016-08-19
164743,7668,FR-TR-005,2016-08-09
164744,7669,FR-TR-006,2016-08-04
164745,7670,FR-TR-007,2016-08-05
164746,7671,FR-TR-008,2016-08-06
164747,7672,FR-TR-009,2016-08-20
164748,7673,FR-TR-010,2016-08-07
164749,7674,FR-TR-012,2016-08-24
164750,7675,FR-TR-013,2016-09-13
164751,7676,FR-TR-014,2016-09-14
164752,7677,FR-TR-015,2016-09-16
164753,7678,FR-TR-016,2016-08-22
164754,12384,NW-TR-001,2016-08-03
164755,12385,NW-TR-002,2016-08-07
164756,12386,NW-TR-003,2016-08-08
164782,7794,G201O2,2016-06-22
164783,7796,G2062,2016-07-19
164785,7807,G3052,2016-06-23
164786,7810,G4012,2016-06-21
164787,7811,G406O1,2016-06-08
164788,7812,G406O2,2016-07-07
164789,7814,G4171,2016-09-16
164790,7818,G502O1,2016-07-27
164793,24207,W2061,2016-06-26
164795,24208,W2082,2016-06-15
164796,24210,W210O2,2016-08-19
164797,24209,W2102,2016-06-23
164804,24219,W4081,2016-09-04
164854,12804,ORFLO-1010,2017-07-15
164860,750,2017ORHIL1004,2017-07-17
164871,751,2017ORILL9017,2017-07-04
164873,752,2017ORKIN1022,2017-07-28
164876,753,2017ORKIN9043,2017-08-01
164879,754,2017ORMCM1001,2017-07-27
164881,755,2017ORMCM1013,2017-07-31
164882,756,2017ORMCM1016,2017-07-28
164884,757,2017ORMCM1040,2017-07-29
164905,13119,ORSFA-1009,2017-07-27
164906,13120,ORSFA-1011,2017-07-28
164927,758,2017WALBL9003,2017-09-07
164928,759,2017WALBL9011,2017-09-08
164929,760,2017WALBL9013,2017-09-07
164936,761,2017WAMCR9024,2017-09-08
164937,762,2017WAMCR9035,2017-09-07
164938,763,2017WAMCR9038,2017-08-28
164939,764,2017WAMCR9051,2017-09-07
164954,765,2017WAUGN9021,2017-08-15
164965,24175,VisitorCtr,2017-09-22
166976,1075,381633107054700,2017-09-05
166977,4488,CIMCPG-1,2017-08-03
166978,2174,9125000,2017-09-07
167418,16648,PNTH,2017-08-16
167419,21427,UpPanth,2017-08-16
167420,6780,ELKW,2017-08-15
167421,21417,UpELKE,2017-08-15
167422,6768,ELKE,2017-08-15
167423,6768,ELKE,2017-08-15
167656,10491,MillCrS03-13,2015-06-25
167657,10491,MillCrS03-13,2015-08-11
167660,559,2,2015-07-20
167661,928,3,2015-07-22
167671,1596,4939122,2017-06-08
167672,1621,4939147,2017-11-01
167673,1597,4939123,2017-10-04
167674,1586,4939112,2017-10-03
167675,1576,4939102,2017-10-11
167676,1782,4954939,2017-06-01
167677,1589,4939115,2017-06-08
167678,1579,4939105,2017-06-06
167679,1607,4939133,2017-10-10
167680,1532,4936173,2017-06-07
167682,1582,4939108,2017-10-18
167683,1591,4939117,2017-10-16
167684,1594,4939119,2017-10-31
167685,1614,4939140,2017-10-02
167686,1275,4904917,2017-06-27
167687,1956,4995953,2017-06-22
167688,1703,4949635,2017-09-26
167689,1674,4947792,2017-09-26
167690,1827,4958883,2017-09-26
167692,6373,DEER_CRK,2017-09-26
167693,1596,4939122,2017-06-08
167694,1621,4939147,2017-11-01
167818,28306,XN-RM-4072,2017-08-08
167841,18483,SB-LS-19699,2017-07-24
167842,18484,SB-LS-21007,2017-06-10
167843,18485,SB-LS-22771,2017-07-04
167844,18486,SB-LS-23795,2017-07-25
167845,18491,SB-RV-17167,2017-07-24
167846,18492,SB-RV-19955,2017-07-03
167847,18493,SB-RV-20723,2017-09-14
167848,18499,SB-SS-24335,2017-06-27
167849,18500,SB-SS-25359,2017-06-13
167850,18501,SB-SS-26383,2017-06-11
167851,18502,SB-SS-28431,2017-06-29
167852,20530,SW-LS-15103,2017-09-07
167853,20531,SW-LS-19727,2017-09-09
167854,20531,SW-LS-19727,2017-09-25
167855,20533,SW-LS-23295,2017-07-23
167856,20534,SW-LS-23823,2017-06-08
167857,20535,SW-RV-10511,2017-07-18
167858,20536,SW-RV-10767,2017-07-22
167859,20537,SW-RV-11023,2017-07-21
167860,20538,SW-RV-11535,2017-07-19
167861,20539,SW-RV-21775,2017-07-26
167862,20540,SW-RV-22031,2017-09-10
167863,20541,SW-RV-22799,2017-07-20
167864,20545,SW-SS-23311,2017-09-26
167865,20545,SW-SS-23311,2017-09-12
167866,20546,SW-SS-24847,2017-07-19
167867,20547,SW-SS-26111,2017-07-21
167868,20548,SW-SS-27382,2017-07-02
167869,20551,SW-TR-1025,2017-06-09
167870,20572,SW-TR-1299,2017-09-13
167871,18493,SB-RV-20723,2017-09-27
168002,5194,COR-Pump,2018-10-19
168029,1075,381633107054700,2018-08-02
168033,2943,BEAVER_HWY_50,2018-08-27
168034,19690,SOAP_AB_CHANCE,2018-08-29
168035,2174,9125000,2018-09-04
168037,2175,9127000,2018-09-11
168109,18580,SFBIGCRK,2017-09-07
168110,18581,SFBIGCRK2,2017-09-07
168111,26261,WHLRCRK,2017-09-07
168115,20158,SPRUCE_CK3,2017-07-26
168748,1947,4995915,2018-06-25
168750,2063,5919980,2018-06-27
168754,1903,4994430,2018-08-24
168756,1973,4996855,2018-10-03
168885,16648,PNTH,2018-08-28
168886,6780,ELKW,2018-08-28
168887,6768,ELKE,2018-08-28
168888,10128,MainELK,2018-08-28
168957,11255,MS-LS-3017,2018-08-27
169025,5191,CO-RO-9435,2018-09-18
169030,10180,MB-LS-11789,2018-05-09
169045,5087,CO-LS-9417,2018-06-07
169053,28206,XE-LS-5030,2018-08-10
169065,17132,PR-RV-10492,2018-06-12
169066,19617,SL-SS-10001,2018-08-21
169072,26134,WD-TR-1027,2018-07-24
169073,26137,WD-TR-1214,2018-07-25
169075,26142,WD-TR-1359,2018-07-23
169089,20700,TA-RV-21922,2018-07-18
169093,20681,TA-RV-11938,2018-09-20
169394,10084,M7.9,2019-06-12
169395,18567,SF3.0,2019-06-12
169397,10082,M3.1,2019-06-12
169399,10440,MIDCRMID,2019-06-12
169400,18566,SF1.0,2019-06-12
169403,18644,SFREF1,2019-06-12
169842,2175,9127000,2019-08-20
169847,1075,381633107054700,2019-09-11
170176,5194,COR-Pump,2019-11-05
171001,28268,XE-SS-5105,2019-07-31
171032,26134,WD-TR-1027,2019-09-18
171036,26137,WD-TR-1214,2019-09-16
171046,26142,WD-TR-1359,2019-10-17
171060,20681,TA-RV-11938,2019-07-31
171064,20681,TA-RV-11938,2019-07-31
171077,20681,TA-RV-11938,2019-07-31
171124,10440,MIDCRMID,2019-09-25
171127,10084,M7.9,2019-09-25
171129,18566,SF1.0,2019-09-25
171130,18567,SF3.0,2019-09-25
171132,18644,SFREF1,2019-09-25
171583,28266,XE-SS-5099,2019-06-12
171585,11254,MS-LS-3016,2019-07-14
171594,28268,XE-SS-5105,2019-07-31
171615,11272,MS-RO-3089,2019-07-22
171624,26134,WD-TR-1027,2019-09-18
171628,26137,WD-TR-1214,2019-09-16
171638,26142,WD-TR-1359,2019-10-17
171643,28201,XE-LS-5021,2019-09-26
171668,28281,XE-SS-5153,2019-06-01
171683,11273,MS-SS-3095,2019-07-15
171692,11276,MS-SS-3101,2019-07-26
171698,5094,CO-LS-9442,2019-08-23
171699,5180,CO-RO-9402,2019-06-01
171700,5210,CO-SS-9413,2019-06-12
171701,5213,CO-SS-9425,2019-06-15
171715,11261,MS-LS-3026,2019-07-15
171769,28200,XE-LS-5019,2019-06-26
171770,28284,XE-SS-5157,2019-08-08
171771,11247,MS-LS-3003,2019-08-22
171774,11285,MS-SS-3114,2019-08-23
171818,10687,MP-SS-2091,2019-07-29
171951,10690,MP-SS-2097,2019-09-23
171952,10691,MP-SS-2098,2019-10-03
171953,10693,MP-SS-2100,2019-10-04
171968,28314,XN-SS-4095,2019-07-15
171969,28319,XN-SS-4114,2019-10-18
172208,28358,XS-RM-6072,2019-09-07
172438,10538,MN-LS-1014,2019-08-13
172439,10569,MN-SS-1129,2019-06-17
172440,10579,MN-SS-1147,2019-07-10
172487,28303,XN-LS-4029,2019-07-30
172489,28315,XN-SS-4097,2019-07-11
172493,28286,XN-LS-4003,2019-10-03
172494,28293,XN-LS-4014,2019-10-05
172815,11609,NC-SS-9144,2020-06-04
172826,10558,MN-SS-1097,2019-08-09
172832,13567,OT-SS-7122,2019-09-22
172874,11255,MS-LS-3017,2019-08-12
172882,28276,XE-SS-5140,2019-10-18
172883,28282,XE-SS-5154,2019-09-19
172924,11613,NC-SS-9167,2019-06-30
172931,28333,XN-SS-4163,2019-06-29
172935,28365,XS-SS-6095,2019-07-12
172956,11606,NC-LS-9186,2019-07-30
172958,12192,NO-LS-9203,2019-08-25
172959,12217,NO-SS-9202,2019-08-10
172960,12218,NO-SS-9204,2019-08-11
172964,12375,NW-SS-9262,2019-09-09
172965,12376,NW-SS-9263,2019-08-19
172966,12377,NW-SS-9264,2019-09-20
172968,12380,NW-SS-9272,2019-08-29
172996,28299,XN-LS-4021,2019-09-21
172999,28333,XN-SS-4163,2019-10-08
173012,28379,XS-SS-6121,2019-08-10
173013,28383,XS-SS-6133,2019-09-10
173014,12192,NO-LS-9203,2019-09-09
173028,13530,OT-LS-7001,2019-06-27
